#Position	Ref Genome Allele	Mutation
1:31696975	G	A
1:45361198	C	A
1:64917570	A	G
1:75012137	T	G
1:99203814	C	A
1:244165918	A	G
2:36077656	G	T
2:47129227	T	C
2:67207557	A	G
2:115260842	A	T
3:45987195	A	G
3:55111996	C	T
3:77127183	A	C
3:85643612	A	T
3:85694919	A	C
3:118059260	A	C
4:28630436	C	A
4:33137104	T	A
4:81606614	T	G
4:91158830	G	A
4:97121271	T	G
4:117908974	C	G
4:119981524	C	T
4:136614232	T	G
4:170692100	T	C
4:179398120	G	T
5:20152874	G	A
5:103345913	C	T
5:127468521	A	T
5:127975955	C	G
5:136009694	G	T
5:152603765	G	A
5:166019556	A	G
6:81699987	T	A
6:159238682	G	C
7:51026495	C	A
7:86416163	G	A
7:87477180	T	C
7:111474740	C	A
7:122011156	A	G
8:83169430	T	G
8:113812122	G	T
8:131387227	T	A
9:73667977	A	G
9:106195391	C	A
9:123169731	C	A
10:5238651	T	C
10:13359781	G	A
10:15254137	G	T
10:117954700	T	G
10:120000680	A	T
11:11516370	G	A
11:14235828	G	C
11:41538981	A	T
11:104625550	A	G
11:114163189	T	C
12:61113545	C	A
12:72650641	A	C
12:77756104	G	A
12:86189887	C	T
12:90560775	T	A
12:114488122	A	T
12:130268525	G	A
13:38291417	A	T
13:39596507	A	G
13:44338543	G	T
13:82370495	A	C
13:84439508	C	A
14:27898071	C	A
14:33991810	C	T
14:44740135	G	C
14:79644607	A	T
14:86089760	T	C
14:98240352	A	G
15:23006527	T	G
15:26520892	A	T
15:49426438	G	T
15:86086991	C	A
15:97011978	G	A
17:1529043	G	A
18:7355636	T	G
18:38229577	C	A
18:40850140	A	G
18:74696742	T	A
20:12807509	G	T
20:17719887	T	C
21:20896189	T	C
21:42901805	G	A
X:28122462	A	C
X:76580551	A	C
X:77180655	A	C
X:94033502	G	T
X:105961867	G	A
